{"cameraMode":{"drawMode":0,"name":"Shaded","section":"Shading Mode"},"sceneLighting":true,"audioPlay":false,"sceneViewState":{"showFog":true,"showMaterialUpdate":false,"showSkybox":true,"showFlares":true,"showImageEffects":true,"showParticleSystems":true},"in2DMode":false,"pivot":{"x":-67.59846496582031,"y":7.272960662841797,"z":-6.066452980041504},"rotation":{"x":-0.015087585896253586,"y":-0.740646243095398,"z":-0.016689449548721315,"w":0.6715506911277771},"size":83.77564239501953,"orthographic":false}