{"cameraMode":{"drawMode":0,"name":"Shaded","section":"Shading Mode"},"sceneLighting":true,"audioPlay":false,"sceneViewState":{"showFog":true,"showMaterialUpdate":false,"showSkybox":false,"showFlares":true,"showImageEffects":true,"showParticleSystems":true},"in2DMode":false,"pivot":{"x":1.2960000038146973,"y":-7.030450820922852,"z":13.178000450134278},"rotation":{"x":-0.10604480654001236,"y":0.6746683716773987,"z":-0.09887771308422089,"w":-0.7237630486488342},"size":57.61862564086914,"orthographic":false}