{"cameraMode":{"drawMode":0,"name":"Shaded","section":"Shading Mode"},"sceneLighting":true,"audioPlay":false,"sceneViewState":{"showFog":true,"showMaterialUpdate":false,"showSkybox":true,"showFlares":true,"showImageEffects":true,"showParticleSystems":true},"in2DMode":false,"pivot":{"x":-8.304452896118164,"y":3.9607362747192385,"z":9.550945281982422},"rotation":{"x":0.014839581213891507,"y":-0.6998551487922669,"z":-0.012718342244625092,"w":-0.7142723798751831},"size":20.244531631469728,"orthographic":true}