{"cameraMode":{"drawMode":0,"name":"Shaded","section":"Shading Mode"},"sceneLighting":true,"audioPlay":false,"sceneViewState":{"showFog":true,"showMaterialUpdate":false,"showSkybox":true,"showFlares":true,"showImageEffects":true,"showParticleSystems":true},"in2DMode":false,"pivot":{"x":-77.5835952758789,"y":-11.396550178527832,"z":8.789884567260743},"rotation":{"x":-0.054586030542850497,"y":0.702548086643219,"z":-0.05393843352794647,"w":-0.7076129913330078},"size":64.15269470214844,"orthographic":false}