{"cameraMode":{"drawMode":0,"name":"Shaded","section":"Shading Mode"},"sceneLighting":true,"audioPlay":false,"sceneViewState":{"showFog":true,"showMaterialUpdate":false,"showSkybox":true,"showFlares":true,"showImageEffects":true,"showParticleSystems":true},"in2DMode":false,"pivot":{"x":-16.46738052368164,"y":-21.4991397857666,"z":-19.72074317932129},"rotation":{"x":0.05839316546916962,"y":-0.93831866979599,"z":0.2756611704826355,"w":0.2010362446308136},"size":34.48350143432617,"orthographic":false}