{"cameraMode":{"drawMode":0,"name":"Shaded","section":"Shading Mode"},"sceneLighting":true,"audioPlay":false,"sceneViewState":{"showFog":true,"showMaterialUpdate":false,"showSkybox":true,"showFlares":true,"showImageEffects":true,"showParticleSystems":true},"in2DMode":false,"pivot":{"x":-3.9690160751342775,"y":-9.626932144165039,"z":14.281335830688477},"rotation":{"x":-0.19954490661621095,"y":0.5352143049240112,"z":-0.1318371593952179,"w":-0.8101678490638733},"size":10.396906852722168,"orthographic":false}