{"cameraMode":{"drawMode":0,"name":"Shaded","section":"Shading Mode"},"sceneLighting":true,"audioPlay":false,"sceneViewState":{"showFog":true,"showMaterialUpdate":false,"showSkybox":true,"showFlares":true,"showImageEffects":true,"showParticleSystems":true},"in2DMode":false,"pivot":{"x":-26.26828384399414,"y":-29.607555389404298,"z":-72.33920288085938},"rotation":{"x":-0.024277811869978906,"y":0.9746882915496826,"z":-0.1327013522386551,"w":-0.17857708036899568},"size":98.25564575195313,"orthographic":false}