{"cameraMode":{"drawMode":0,"name":"Shaded","section":"Shading Mode"},"sceneLighting":true,"audioPlay":false,"sceneViewState":{"showFog":true,"showMaterialUpdate":false,"showSkybox":true,"showFlares":true,"showImageEffects":true,"showParticleSystems":true},"in2DMode":false,"pivot":{"x":159.45333862304688,"y":-63.557769775390628,"z":-18.40423011779785},"rotation":{"x":0.11246119439601898,"y":0.7298417687416077,"z":-0.12375267595052719,"w":0.6629205346107483},"size":236.86717224121095,"orthographic":false}