{"cameraMode":{"drawMode":0,"name":"Shaded","section":"Shading Mode"},"sceneLighting":true,"audioPlay":false,"sceneViewState":{"showFog":true,"showMaterialUpdate":false,"showSkybox":true,"showFlares":true,"showImageEffects":true,"showParticleSystems":true},"in2DMode":false,"pivot":{"x":-33.41937255859375,"y":-11.639415740966797,"z":21.567407608032228},"rotation":{"x":0.08037202805280686,"y":-0.683777928352356,"z":0.0762355774641037,"w":0.7212799191474915},"size":24.721084594726564,"orthographic":false}